<?xml version="1.0" encoding="UTF-8"?>
<!--
  ~ Copyright (c) 2016, WSO2 Inc. (http://www.wso2.org) All Rights Reserved.
  ~
  ~ WSO2 Inc. licenses this file to you under the Apache License,
  ~ Version 2.0 (the "License"); you may not use this file except
  ~ in compliance with the License.
  ~ You may obtain a copy of the License at
  ~
  ~ http://www.apache.org/licenses/LICENSE-2.0
  ~
  ~ Unless required by applicable law or agreed to in writing,
  ~ software distributed under the License is distributed on an
  ~ "AS IS" BASIS, WITHOUT WARRANTIES OR CONDITIONS OF ANY
  ~ KIND, either express or implied. See the License for the
  ~ specific language governing permissions and limitations
  ~ under the License.
  -->

<datasources-configuration xmlns:svns="http://org.wso2.securevault/configuration">
    <providers>
        <provider>org.wso2.carbon.ndatasource.rdbms.RDBMSDataSourceReader</provider>
    </providers>
    <datasources>
		<datasource>
			<name>WSO2_FLOOR_ANALYTICS</name>
			<description>The datasource used for analytics record store</description>
			<jndiConfig>
				<name>jdbc/WSO2_FLOOR_ANALYTICS</name>
			</jndiConfig>
			<definition type="RDBMS">
				<configuration>
					<url>jdbc:h2:repository/database/floor_analysis;DB_CLOSE_ON_EXIT=FALSE;AUTO_SERVER=TRUE;</url>
					<username>wso2carbon</username>
					<password>wso2carbon</password>
					<driverClassName>org.h2.Driver</driverClassName>
					<maxActive>50</maxActive>
					<maxWait>60000</maxWait>
					<testOnBorrow>true</testOnBorrow>
					<validationQuery>SELECT 1</validationQuery>
					<validationInterval>30000</validationInterval>
				</configuration>
			</definition>
		</datasource>
	</datasources>
</datasources-configuration>
